uav-000008-00004684,153,154,1086,514
uav-000008-00004942,71,202,1048,450
uav-000011-00021852,446,370,1538,779
uav-000014-00001881,594,156,1191,512
uav-000014-00002922,525,72,978,433
uav-000015-00013022,356,98,1128,639
uav-000018-00001071,330,213,1730,533
uav-000018-00001992,259,164,1748,877
uav-000035-00000738,931,468,1708,816
uav-000038-00001402,155,105,1907,689
uav-000040-00000939,130,500,818,789
uav-000043-00001219,831,523,1624,808
uav-000051-00006463,213,289,2377,1318
uav-000053-00005163,125,325,1722,838
uav-000054-00001792,222,178,719,346
uav-000060-00003105,846,241,1607,778
uav-000061-00002374,581,118,1678,806
uav-000064-00002126,335,224,1000,477
uav-000065-00001402,692,375,1093,504
uav-000067-00000787,402,180,1287,584
uav-000074-00000377,131,10,1836,750
uav-000075-00009682,263,178,1147,786
uav-000076-00014999,1510,926,2475,1286
uav-000081-00007323,1406,611,2307,983
uav-000084-00013628,761,960,1589,1641
uav-000089-00000430,559,188,3272,1836
uav-000091-00009111,722,205,1663,525
uav-000094-00013556,1720,798,2060,1131
uav-000098-00022499,1115,611,2636,1223
uav-000101-00000169,103,326,1100,575
uav-000109-00002285,90,234,1202,539
uav-000113-00017163,603,339,1035,572
uav-000115-00002883,627,27,1168,475
uav-000116-00002184,394,257,3686,1121
uav-000120-00005506,850,576,2482,1381
uav-000121-00016348,1684,370,2648,662
uav-000123-00001923,999,513,2555,1478
uav-000125-00022768,1961,1749,2221,1918
uav-000130-00000188,1709,654,2561,1423
uav-000131-00001752,1051,784,1856,1493
uav-000132-00002648,1274,286,3255,1423
uav-000132-00002706,936,240,3241,1561
uav-000133-00003174,223,827,3563,2012
uav-000133-00003229,1176,1356,2001,1692
uav-000133-00003346,1297,719,1829,935
uav-000134-00007828,1859,640,2667,1237
uav-000135-00002114,101,271,1001,728
uav-000136-00015701,808,265,1564,670
uav-000137-00001511,718,1029,1862,1645
uav-000138-00002410,1679,897,2688,1418
uav-000139-00002743,321,212,3082,1164
uav-000140-00001958,524,34,1301,447
uav-000146-00015571,1045,21,1358,518
uav-000156-00000220,537,391,1049,844
uav-000156-00002555,57,38,1733,454
uav-000160-00001895,330,445,1039,689
uav-000163-00001130,318,154,1103,650
uav-000165-00001502,524,78,1561,722
uav-000168-00002902,102,125,842,598
uav-000181-00001195,331,387,1060,899
uav-000184-00003113,483,233,1043,721
uav-000184-00003154,524,187,1148,591
uav-000194-00004530,1463,417,3552,2022
uav-000197-00016797,1716,331,2896,1136
uav-000200-00003297,823,179,1455,692
uav-000202-00001274,713,295,1177,523
uav-000204-00004706,480,665,1400,865
uav-000206-00001961,1090,1039,2283,1336
uav-000207-00003329,2008,810,2672,1387
uav-000208-00001908,562,300,1530,512
uav-000216-00000484,294,481,1106,822
uav-000216-00000718,407,251,1695,660
uav-000216-00000835,322,301,1435,453
uav-000217-00002251,440,279,1693,539
uav-000217-00002419,868,375,1341,807
uav-000220-00005302,768,474,1296,962
uav-000222-00010001,1462,795,2566,1320
uav-000223-00011984,895,1408,2488,1688
uav-000225-00003727,658,294,1011,602
uav-000227-00013367,631,184,1255,625
uav-000227-00013578,799,396,1564,817
uav-000233-00003841,470,143,1163,555
uav-000238-00024868,945,1498,1498,1694
uav-000239-00020251,1255,797,1943,1118
uav-000239-00020359,340,331,1168,759
uav-000240-00001139,1016,454,1281,687
uav-000244-00009702,1148,780,1540,1033
uav-000244-00012504,1108,22,2048,1774
uav-000245-00020343,1815,1092,2215,1357
uav-000246-00000909,917,376,1261,644
uav-000247-00003258,782,265,934,433
uav-000248-00008613,825,424,1165,592
uav-000252-00001428,469,343,865,723
uav-000252-00002767,510,677,931,810
uav-000255-00005944,990,376,1535,457
uav-000256-00001882,117,381,1250,662
uav-000256-00002314,508,455,1092,700
uav-000257-00001399,399,215,596,475
uav-000260-00001220,837,14,1865,778
uav-000266-00007147,735,524,2831,1444
uav-000267-00006467,675,248,1163,413
uav-000268-00008129,762,382,2650,1042
uav-000269-00008818,1334,272,2267,741
uav-000273-00003062,738,215,1671,519
uav-000274-00001042,166,1016,3695,2004
uav-000276-00001667,39,113,1216,498
uav-000277-00003374,905,265,1393,474
uav-000278-00005525,314,209,739,386
uav-000279-00046768,332,276,848,480
uav-000282-00000554,642,571,1698,743
uav-000288-00004642,276,32,1645,745
uav-000291-00000108,561,501,1306,946
uav-000292-00002604,16,198,1817,899
uav-000295-00001168,433,236,1029,460
uav-000296-00001377,304,181,889,438
uav-000297-00001752,343,255,912,467
uav-000298-00011392,250,263,1139,651
uav-000300-00011151,451,226,948,375
uav-000304-00008712,603,254,1472,607
uav-000308-00002288,124,140,957,552
uav-000310-00001729,533,157,1446,630
uav-000324-00008170,135,570,1740,1054
uav-000324-00008236,162,19,539,564
uav-000325-00012611,53,37,1045,949
uav-000327-00014341,638,258,1559,587
uav-000329-00017642,727,543,1352,791
uav-000333-00002684,194,288,850,437
uav-000335-00007943,256,113,1080,713
uav-000337-00010557,391,180,3456,2152
uav-000338-00012262,194,78,3638,1999
uav-000338-00012612,789,623,2977,1724
uav-000342-00030084,173,437,790,578
uav-000345-00001082,86,119,975,648
uav-000346-00002264,473,344,826,557
uav-000347-00000041,1576,163,2592,611
uav-000347-00000082,1537,263,2509,943
uav-000348-00009913,719,226,2416,1174
uav-000348-00010202,861,315,2537,1064
uav-000349-00016151,801,312,3081,1028
uav-000350-00036708,981,174,2189,1219
uav-000351-00061060,799,285,2932,1406
uav-000352-00045610,1385,524,3265,1584
uav-000355-00001692,310,209,1102,718
uav-000360-00000641,837,405,1390,557
uav-000370-00042977,633,303,1349,471
uav-000372-00012572,670,793,1179,982
uav-000379-00004004,576,290,1032,807
uav-000384-00002158,72,401,1493,633
uav-000385-00000690,407,599,1884,963
uav-000385-00001150,659,381,1499,593
uav-000386-00004096,91,131,1507,660
uav-000391-00003946,579,44,964,920
uav-000391-00004131,725,246,989,771
uav-000394-00008012,497,90,770,390
uav-000404-00001094,311,192,1495,856
uav-000404-00001784,96,315,1805,768
uav-000405-00002149,383,202,991,374
uav-000405-00002679,385,246,1157,398
uav-000412-00005355,502,198,866,498
uav-000420-00000802,117,151,1129,532
uav-000422-00000864,757,265,1218,745
uav-000426-00003437,140,140,1917,896
uav-000429-00000875,549,514,1333,754
uav-000429-00000919,543,279,1343,655
uav-000430-00000649,1119,299,1411,555
uav-000431-00001279,620,525,1252,910
uav-000437-00001499,490,297,1206,653
uav-000437-00001545,536,144,1276,493
uav-000438-00002083,660,402,1120,927
uav-000439-00003078,666,351,955,624
uav-000440-00003828,538,118,1779,1050
uav-000441-00002601,610,322,1414,702
uav-000445-00004009,1139,173,1668,545
uav-000446-00000462,117,49,442,254
uav-000450-00009921,39,63,900,215
uav-000459-00001002,723,369,1771,693
uav-000460-00001568,714,94,1491,323
uav-000464-00002309,796,383,1516,624
uav-000465-00000470,36,98,505,287
uav-000465-00000940,95,10,459,198
uav-000466-00000117,667,39,1388,480
uav-000467-00000909,358,169,1003,370
uav-000470-00001193,692,202,1417,475
uav-000472-00021670,109,567,3250,1344
uav-000475-00000067,994,372,1983,792
uav-000490-00011770,419,967,1267,1211
uav-000492-00003879,2475,892,2887,984
uav-000493-00000440,511,378,1223,979
uav-000493-00000581,543,415,1287,843
uav-000494-00004424,1073,453,1718,621
uav-000503-00002725,1070,351,2458,1192
uav-000510-00017884,676,82,1816,630
uav-000519-00016691,1040,269,1493,385
uav-000521-00028384,706,649,1134,817
uav-000525-00001918,554,244,1418,724
uav-000529-00004102,644,84,1233,265
uav-000529-00004527,170,387,1914,719
uav-000530-00000211,228,390,1476,603
uav-000530-00000316,203,374,1499,807
uav-000535-00001771,94,340,1371,808
uav-000548-00001215,620,271,1036,556
uav-000550-00006104,459,293,863,498
uav-000552-00001121,237,65,1481,806
uav-000553-00004107,653,250,1346,563
uav-000554-00002492,358,114,971,383
uav-000556-00001342,360,374,1177,831
uav-000564-00001436,269,175,958,463
uav-000568-00000699,119,228,1715,924
uav-000573-00000941,650,40,1506,964
uav-000576-00016721,476,102,1501,923
uav-000587-00005995,1324,423,2612,1292
uav-000591-00002381,592,108,3728,1816
uav-000595-00003037,314,310,890,462
uav-000596-00000752,740,388,1301,661
uav-000597-00001236,557,176,1861,1017
uav-000601-00006084,308,629,1396,993
uav-000602-00007576,305,397,1818,753
uav-000603-00000942,176,191,1857,904
uav-000605-00002307,714,581,1454,893
uav-000606-00002927,372,359,1544,759
uav-000612-00030590,337,1156,1434,1416
uav-000616-00025119,2173,1070,3454,1423
uav-000616-00025153,41,945,1494,1605
uav-000622-00010211,294,50,1454,979
uav-000624-00004631,1993,773,2990,1374
uav-000625-00006116,1007,768,2764,1109
uav-000631-00000584,201,28,1189,312
uav-000632-00002213,383,281,827,598
uav-000638-00011676,481,62,1149,374
uav-000639-00013309,226,55,850,232
uav-000642-00000043,1629,669,2294,1062
uav-000643-00010596,1316,495,2801,1128
uav-000646-00016895,1199,638,2188,979
uav-000647-00006092,134,193,1714,694
uav-000677-00027565,1736,467,2428,867
uav-000680-00017403,752,295,1301,740
uav-000682-00000322,2690,468,3566,952
uav-000689-00007081,1253,57,1697,297
uav-000693-00002789,303,156,1187,589
uav-000693-00002802,667,345,908,437
uav-000701-00002879,143,49,1644,846
uav-000702-00009100,24,631,545,851
uav-000704-00013003,778,468,1286,880
uav-000706-00019923,577,377,1166,802
uav-000707-00020762,789,471,1217,820
uav-000708-00022742,255,259,640,700
uav-000709-00026481,926,699,1586,860
uav-000709-00026521,891,602,1576,839
uav-000709-00026563,561,519,1221,795
uav-000709-00026605,552,511,1261,840
uav-000714-00046481,862,351,1239,572
uav-000715-00048222,1358,242,1586,390
uav-000718-00002118,926,159,1178,360
uav-000721-00013626,1299,151,1551,331
uav-000723-00008572,937,208,1265,400
uav-000726-00015465,641,386,1069,494
uav-000730-00025195,1055,250,1720,826
uav-000730-00025218,993,236,1646,856
uav-000733-00015299,1814,661,2359,1238
uav-000733-00015344,1531,385,2687,1381
uav-000734-00019062,1962,630,2463,1067
uav-000735-00023110,1176,1257,3181,1785
uav-000736-00023791,1531,756,3068,1804
uav-000738-00000911,394,312,1291,932
uav-000740-00000570,676,391,1277,664
uav-000740-00000661,662,366,1291,715
uav-000742-00003297,776,532,1193,800
uav-000748-00003167,689,268,1673,705
uav-000750-00006154,476,391,1145,664
uav-000754-00000780,1242,549,1650,685
uav-000754-00000905,1582,416,2086,585
uav-000754-00000959,1515,256,1807,432
uav-000756-00014684,841,367,1334,507
uav-000756-00014765,792,485,1501,646
uav-000756-00014845,189,519,1137,727
uav-000759-00042681,652,422,1148,679
uav-000760-00004862,532,115,1105,515
uav-000779-00002989,1031,427,1860,804
uav-000779-00003005,914,453,1827,834
uav-000787-00000109,75,61,1567,562
uav-000788-00002777,575,106,1432,479
uav-000790-00011450,670,179,1263,712
uav-000790-00013434,713,406,1322,698
uav-000802-00008222,77,249,1845,741
uav-000805-00001539,450,590,895,746
uav-000807-00002102,1567,501,2112,805
uav-000809-00032483,409,659,3057,1319
uav-000813-00004711,1295,687,2419,1095
uav-000813-00004749,1446,733,2639,1150
uav-000816-00010338,454,284,3215,2041
uav-000816-00010429,545,246,3193,2050
uav-000817-00000321,694,823,2746,1387
uav-000818-00007945,25,990,3117,1722
uav-000819-00041370,16,214,1041,431
uav-000820-00062258,701,72,1117,253
uav-000822-00001779,508,360,1081,560
uav-000824-00008903,105,73,1521,630
uav-000830-00010250,77,390,1861,762
uav-000835-00002614,180,301,952,525
uav-000835-00002663,168,273,968,441
uav-000835-00002713,51,277,859,477
uav-000835-00002749,246,300,1075,493
uav-000836-00003903,28,159,1152,551
uav-000837-00004781,410,287,835,564
uav-000837-00004862,740,68,1245,460
uav-000837-00004942,773,32,1110,524
uav-000838-00000717,25,203,1266,524
uav-000847-00031463,369,266,862,675
uav-000848-00035868,497,80,1250,529
uav-000849-00038284,530,255,1075,459
uav-000850-00000021,2097,365,2769,601
uav-000866-00003162,500,120,917,644
uav-000866-00003178,474,65,887,538
uav-000868-00004009,7,31,1247,448
uav-000870-00001959,290,98,986,583
uav-000871-00000929,181,195,1178,583
uav-000877-00005656,128,162,1008,506
uav-000916-00005470,323,45,1308,649
uav-000916-00005596,348,264,1401,832
uav-000916-00005721,276,337,1508,858
uav-000918-00000180,514,6,998,230
uav-000920-00000314,642,225,1295,637
uav-000920-00000471,544,429,1197,738
uav-000920-00000628,548,427,1197,735
uav-000920-00000785,600,509,1173,794
uav-000921-00000450,152,132,1789,809
uav-000922-00004567,405,25,933,449
uav-000925-00002050,104,48,477,340
uav-000927-00000681,11,278,1068,510
uav-000928-00001724,92,296,885,480
uav-000928-00001815,91,324,987,521
uav-000929-00002298,301,76,761,344
uav-000929-00002308,303,94,740,323
uav-000929-00002319,281,114,730,315
uav-000930-00002777,472,212,820,557
uav-000930-00003037,442,211,774,592
uav-000947-00008813,26,175,986,440
uav-000949-00007344,94,121,455,206
uav-000950-00012178,88,104,629,225
uav-000951-00000775,703,117,1664,521
uav-000952-00002252,19,62,1528,998
uav-000953-00005417,480,82,1588,950
uav-000954-00012852,269,224,1494,784
uav-000955-00016331,527,262,1444,790
uav-000956-00025051,623,5,1424,637
uav-000956-00028152,445,113,1537,1006
uav-000958-00002974,591,120,1792,541
uav-000962-00002308,472,196,792,461
uav-000969-00001041,589,263,909,403
uav-000969-00001122,265,58,746,215
uav-000969-00001162,218,94,1222,426
uav-000970-00001657,697,306,1197,434
uav-000970-00001813,353,391,953,532
uav-000971-00003137,275,263,1044,424
uav-000974-00000909,365,276,789,436
uav-000977-00002899,352,307,608,568
uav-000980-00009066,817,331,1609,540
uav-000981-00000167,568,377,1605,809
uav-000982-00000792,1232,307,1697,536
uav-000983-00002051,1128,521,1829,862
uav-000984-00000317,129,103,1146,367
uav-000984-00000384,506,54,1391,471
uav-000985-00005776,263,115,668,324
uav-000991-00006345,673,294,1093,479
uav-000992-00003387,673,325,1137,534
uav-000992-00003448,608,336,1104,577
uav-000994-00005331,559,332,1092,581
uav-000994-00005354,535,319,1087,588
uav-000995-00000083,481,214,1334,618
uav-000996-00000649,288,155,920,479
uav-000996-00000818,408,267,965,479
uav-000997-00000594,297,165,910,501
uav-000998-00000697,494,139,1082,444
uav-000998-00000721,343,147,899,447
uav-000999-00000929,309,56,949,420
uav-001000-00000581,77,146,554,362
uav-001002-00002101,364,185,648,465
uav-001002-00002318,75,154,1099,634
uav-001003-00000450,536,231,721,467
uav-001004-00000551,382,251,879,375
uav-001017-00000855,61,472,302,624
uav-001019-00003867,12,240,1108,909
uav-001020-00007958,707,159,1367,699
uav-001021-00011948,404,308,1501,812
uav-001022-00016319,120,218,1228,771
uav-001022-00016484,421,238,1341,783
uav-001022-00016649,142,75,1778,864
uav-001027-00001751,188,99,948,556
uav-001027-00002127,370,219,895,424
uav-001028-00003551,259,125,888,401
uav-001028-00003877,227,339,816,628
uav-001028-00004040,356,311,649,515
uav-001031-00020231,83,288,1611,881
uav-001032-00028732,192,204,1300,813
uav-001038-00011369,486,325,910,510
uav-001038-00012078,487,330,907,515
uav-001038-00012788,440,236,820,417
uav-001038-00013497,493,263,809,431
uav-001039-00024036,541,358,857,522
uav-001040-00001049,684,295,1408,699
uav-001040-00001139,619,217,1344,605
uav-001040-00001229,353,118,1414,666
uav-001041-00002982,767,207,1580,623
uav-001041-00003077,863,145,1755,662
uav-001041-00003172,238,13,1542,669
uav-001042-00003986,115,33,1608,697
uav-001043-00001784,418,180,1426,676
uav-001043-00002079,235,50,1571,811
uav-001043-00002374,614,54,1375,547
uav-001044-00007803,24,15,1588,851
uav-001045-00012398,658,98,1743,675
uav-001045-00012693,392,114,1512,622
uav-001046-00015994,925,367,1442,700
uav-001047-00000400,31,398,1184,778
uav-001047-00000501,116,361,1401,858
uav-001047-00000551,1055,291,1887,911
uav-001048-00004675,50,13,1915,650
uav-001048-00004840,112,302,1832,778
uav-001048-00005005,378,336,1062,736
uav-001049-00007613,519,536,971,709
uav-001050-00002851,751,513,1144,662
uav-001050-00003451,810,463,1559,859
uav-001050-00004052,616,335,1168,604
uav-001051-00012701,599,432,1759,745
uav-001051-00013051,332,335,1305,755
uav-001051-00013402,273,430,1601,979
uav-001051-00013752,955,470,1255,598
uav-001052-00023101,629,248,1170,676
uav-001052-00023326,593,151,1653,688
uav-001052-00023777,123,47,1808,687
uav-001053-00004096,329,400,1281,809
uav-001053-00004645,881,482,1170,803
uav-001053-00005195,809,438,1206,602
uav-001053-00005744,712,451,1056,687
uav-001054-00009921,386,182,1358,955
uav-001054-00010471,884,439,1316,724
uav-001056-00002584,471,367,920,539
uav-001056-00004060,571,217,1416,674
uav-001058-00021100,144,85,1809,765
uav-001062-00017184,369,504,1065,757
uav-001062-00017642,517,430,1117,702
uav-001063-00003133,235,259,1107,531
uav-001063-00003335,193,318,1014,539
uav-001064-00005305,353,235,982,499
uav-001065-00007555,387,181,1179,506
uav-001066-00005826,215,309,1916,757
uav-001067-00009584,235,282,959,514
uav-001068-00013334,1039,214,1704,499
uav-001068-00013667,1068,429,1497,586
uav-001071-00003597,595,350,1192,578
uav-001071-00004946,613,280,917,864
uav-001075-00003148,240,377,1165,609
uav-001077-00001289,535,557,1132,746
uav-001077-00001449,625,473,1182,878
uav-001078-00004895,130,256,1339,957
uav-001078-00005095,603,413,1080,586
uav-001078-00005495,425,363,1413,583
uav-001081-00009964,515,128,940,509
uav-001081-00010414,305,2,697,595
uav-001082-00002198,264,434,1357,739
uav-001082-00002398,718,507,1331,720
uav-001087-00009473,212,246,977,835
uav-001091-00001358,1914,1190,3006,1631
uav-001092-00005709,1567,551,2095,755
uav-001092-00006159,1638,969,2155,1158
uav-001093-00011958,41,500,3625,2060
uav-001094-00002073,1292,621,1996,1014
uav-001095-00005003,1145,416,1673,804
uav-001095-00005508,590,830,1066,1203
uav-001099-00006401,495,451,1719,804
uav-001102-00010751,873,501,1658,937
uav-001102-00011126,938,303,1494,548
uav-001102-00011502,721,285,1358,662
uav-001104-00003401,214,324,1123,796
uav-001104-00003676,470,160,1311,668
uav-001105-00011834,468,243,1188,540
uav-001107-00002234,793,330,1386,526
uav-001107-00003560,708,515,1385,732
uav-001108-00007251,886,216,1318,489
uav-001108-00008002,586,495,1542,975
uav-001109-00009584,693,272,1861,756
uav-001109-00009667,446,293,1810,794
uav-001110-00003042,764,372,1468,772
uav-001112-00002391,578,445,1471,889
uav-001112-00002908,429,31,1638,580
uav-001112-00003166,111,345,1071,770
uav-001113-00003684,825,505,1137,685
uav-001114-00009601,829,348,1130,644
uav-001115-00002034,872,543,1212,716
uav-001115-00002568,946,365,1175,650
uav-001116-00008001,860,544,1092,781
uav-001116-00008502,857,412,977,728
uav-001117-00002855,1083,453,1471,773
uav-001120-00005484,636,586,873,698
uav-001120-00006893,790,690,918,847
uav-001121-00024775,782,602,1146,734
uav-001121-00025474,1028,533,1224,726
uav-001121-00026174,948,419,1469,632
uav-001122-00032088,799,514,1164,675
uav-001122-00032648,491,247,1555,647
uav-001122-00032928,216,374,1592,847
uav-001124-00020034,304,240,1444,808
uav-001124-00020517,253,434,1110,799
uav-001125-00003435,39,299,1867,928
uav-001127-00002380,812,93,1084,318
uav-001128-00004418,488,164,948,544
uav-001131-00001259,637,40,965,404
uav-001139-00007601,137,256,1469,749
uav-001140-00008374,866,487,1331,763
uav-001140-00008653,870,505,1371,746
uav-001141-00010371,718,439,1142,739
uav-001149-00001399,269,814,621,1010
uav-001150-00003926,476,438,1232,927
uav-001150-00003966,674,186,1538,859
uav-001150-00004006,527,99,1543,940
uav-001151-00000939,824,426,1432,755
uav-001151-00001519,500,305,1521,1062
uav-001151-00001809,739,369,955,649
uav-001152-00004795,8,362,781,662
uav-001152-00004995,682,221,1086,678
uav-001152-00005195,587,125,1299,938
uav-001153-00001199,826,287,1202,572
uav-001153-00001349,272,310,1657,930
uav-001154-00005994,681,357,1205,905
uav-001154-00006094,683,468,1423,1073
uav-001155-00003695,645,104,1181,377
uav-001156-00000511,663,296,984,453
uav-001156-00001022,471,311,1419,576
uav-001156-00001277,684,331,1217,611
uav-001157-00002491,649,260,1186,509
uav-001160-00001732,1697,988,3605,1668
uav-001160-00001793,1832,552,3352,1348
uav-001160-00001842,910,612,2207,1853
uav-001160-00001896,2141,166,3725,1194
uav-001161-00000840,89,217,977,434
uav-001161-00000870,321,223,913,383
uav-001162-00002108,661,27,1126,452
uav-001164-00000927,667,88,1064,757
uav-001165-00002182,168,16,1349,836
uav-001165-00002358,155,274,1491,650
uav-001166-00004691,707,35,1216,932
uav-001166-00005507,805,138,1517,823
uav-001167-00002139,301,144,1317,541
uav-001169-00002417,345,454,769,599
uav-001170-00001992,760,40,1056,216
uav-001181-00009884,5,150,1829,834
uav-001188-00000957,761,391,1042,608
uav-001189-00003976,715,357,1499,585
uav-001189-00004326,408,344,1204,617
uav-001189-00004677,537,567,1389,916
uav-001189-00005027,618,663,1598,1007
uav-001191-00001109,960,278,1284,667
uav-001192-00003467,891,185,1407,742
uav-001192-00003792,341,316,1710,801
uav-001194-00001544,1202,299,1463,567
uav-001195-00005589,425,258,1229,847
uav-001197-00001831,703,303,1076,555
uav-001198-00003012,402,227,955,496
uav-001199-00001276,342,257,1330,961
uav-001213-00001789,164,408,1565,828
uav-001213-00002386,555,30,1355,794
uav-001222-00000476,847,362,1207,714
uav-001223-00003915,333,87,1517,939
uav-001226-00000141,32,216,1100,513
uav-001229-00000107,556,425,1888,969
uav-001229-00000160,673,255,1502,460
uav-001230-00000857,90,511,995,795
uav-001232-00001251,190,219,1211,476
uav-001233-00001050,20,184,1205,600
uav-001237-00000426,228,296,1228,532
uav-001240-00001001,78,314,1559,610
uav-001240-00001118,148,371,1533,683
uav-001242-00001978,11,113,1872,833
uav-001243-00003701,752,194,1352,587
uav-001248-00002208,100,112,1161,629
uav-001250-00007465,439,648,2640,1313
uav-001251-00007166,78,651,3382,1864
uav-001253-00000117,108,14,1612,762
uav-001253-00000255,393,143,1693,772
uav-001255-00006785,500,90,1040,647
uav-001257-00000839,1204,424,1908,901
uav-001258-00001873,299,467,1016,588
uav-001260-00050549,725,41,1689,662
uav-001261-00052545,530,168,1199,449
uav-001263-00060679,919,397,1460,674
uav-001264-00014875,519,483,1267,779
uav-001264-00015545,450,382,1538,707
uav-001265-00013532,804,839,2004,1104
uav-001266-00015602,871,357,3403,1246
uav-001271-00000567,626,234,1338,679
uav-001283-00033741,439,385,955,585
uav-001284-00001918,4,316,757,441
uav-001286-00003627,519,231,1795,500
uav-001288-00009931,758,46,1315,422
uav-001292-00010859,515,132,992,453
uav-001294-00017695,1704,811,3248,1076
uav-001296-00025731,1864,588,3260,1604
uav-001301-00029471,860,342,1213,587
uav-001304-00072459,769,410,1129,595
uav-001306-00061022,711,342,1107,494
uav-001308-00023851,538,100,978,205
uav-001309-00000232,785,37,1325,254
uav-001310-00019387,535,162,1148,314
uav-001311-00023527,699,454,1263,714
uav-001313-00050739,903,370,1248,606
uav-001318-00005515,309,369,1697,798
uav-001318-00006115,351,157,1187,730
uav-001320-00020361,921,377,1297,554
uav-001321-00006901,958,593,1487,985
uav-001322-00010501,557,91,1338,984
uav-001322-00010776,368,188,1109,617
uav-001323-00016177,772,171,1257,711
uav-001324-00019018,30,212,1467,556
uav-001330-00012488,410,545,1343,877
uav-001331-00029331,55,191,1719,740
uav-001331-00029592,48,131,1477,660
uav-001333-00010284,561,178,1541,806
uav-001335-00013184,498,223,1122,748
uav-001336-00015243,670,130,1903,934
uav-001339-00005135,55,315,1064,559
uav-001342-00010741,252,201,1240,381
uav-001343-00013417,43,323,1175,680
uav-001345-00005734,302,30,895,630
uav-001346-00007178,734,234,990,599
uav-001355-00011602,350,431,1655,992
uav-001355-00012102,540,369,1365,674
uav-001356-00014552,93,354,1474,882
uav-001358-00005018,210,320,1306,781
uav-001359-00008234,5,45,1618,761
uav-001361-00012488,599,284,1464,709
uav-001362-00008893,405,50,1253,494
uav-001364-00012476,533,104,877,509
uav-001366-00017634,70,205,1014,573
uav-001368-00005245,493,373,1509,745
uav-001368-00006245,528,456,1292,689
uav-001369-00009892,626,249,1390,689
uav-001371-00014786,47,309,1539,902
uav-001373-00012725,542,430,1087,686
uav-001374-00019851,417,698,1166,886
uav-001384-00005455,205,170,1229,871
uav-001387-00016321,474,116,1379,1076
uav-001387-00016922,119,147,1872,848
uav-001394-00002672,438,524,1406,797
uav-001395-00003931,598,346,1074,815
uav-001396-00006832,790,308,935,905
uav-001397-00008722,759,466,1888,791
uav-001397-00008772,800,395,1801,847
uav-001404-00002376,795,308,1476,597
uav-001404-00002710,1014,422,1879,766
uav-001406-00009363,368,392,813,572
uav-001407-00001609,405,9,1014,525
uav-001409-00004876,314,35,982,439
uav-001412-00025394,482,987,2326,1724
uav-001414-00013795,78,159,1731,1071
uav-001417-00000975,312,128,1024,480
uav-001417-00001255,224,358,769,510
uav-001420-00005851,526,191,870,443
uav-001430-00001058,1133,517,1705,805
uav-001432-00002305,812,84,1660,656
uav-001433-00003337,82,137,1234,669
uav-001436-00002687,247,66,1063,638
uav-001436-00002772,244,28,1273,597
uav-001437-00000929,721,193,1814,722
uav-001443-00010999,94,272,1878,937
uav-001453-00006843,280,118,988,507
uav-001454-00000623,352,74,1488,842
uav-001458-00004752,256,163,1593,855
uav-001460-00007213,247,273,1651,721
uav-001461-00003456,713,167,1526,832
uav-001462-00005005,500,564,897,840
uav-001462-00005195,576,280,1497,640
uav-001468-00002377,107,321,1287,917
uav-001469-00003755,437,27,1649,599
uav-001470-00005792,486,152,1503,685
uav-001477-00008476,98,344,1402,748
uav-001477-00008527,456,407,1372,792
uav-001478-00010065,663,243,1499,495
uav-001482-00005651,366,108,1035,348
uav-001483-00008026,351,32,868,364
uav-001489-00011024,726,497,1182,858
uav-001490-00014618,629,194,1626,991
uav-001491-00020909,114,359,1747,943
uav-001491-00021069,333,438,1850,887
uav-001496-00022351,1066,419,1414,724
uav-001498-00031201,369,352,1586,856
uav-001498-00031802,56,329,1845,894
uav-001500-00002259,507,529,1284,785
uav-001505-00000317,644,351,1793,923
uav-001507-00002940,629,96,1841,601
uav-001512-00003007,513,389,1518,789
uav-001513-00000293,346,330,1443,855
uav-001522-00000050,261,62,1546,522
uav-001529-00015962,593,284,1221,520
uav-001531-00000562,302,252,607,533
uav-001535-00007613,876,232,1360,664
uav-001539-00000203,111,189,675,594
uav-001543-00001698,302,202,642,643
uav-001544-00001824,142,101,1523,786
uav-001546-00003741,580,202,1281,718
uav-001551-00001291,481,312,842,709
uav-001560-00000450,456,147,1360,991
uav-001566-00020380,518,18,1435,978
uav-001574-00002619,400,278,1561,630
uav-001576-00001958,492,454,1329,770
uav-001578-00003966,648,281,1588,645
uav-001578-00004276,610,540,1410,905
uav-001585-00001851,443,343,723,616
uav-001588-00002528,428,255,840,476
uav-001601-00000988,992,405,1605,918
uav-001602-00001444,24,102,1572,723
uav-001605-00000480,651,506,1131,1054
uav-001607-00001208,1365,1011,1878,1232
uav-001612-00001529,580,190,1273,710
uav-001619-00020513,1746,302,3110,1083
uav-001621-00002917,732,194,1417,486
uav-001629-00004267,74,189,1527,781
uav-001629-00004359,76,103,1585,836
uav-001631-00002345,150,363,1170,767
uav-001633-00003443,111,259,1707,603
uav-001634-00004227,238,316,1642,617
uav-001637-00000120,183,113,1732,789
uav-001637-00000240,554,363,1342,644
uav-001641-00008911,181,351,786,716
uav-001642-00010061,731,216,1579,517
uav-001644-00000684,198,132,1215,428
uav-001646-00003532,1267,679,1735,996
uav-001653-00005405,814,266,1158,558
uav-001653-00005455,303,76,1495,965
uav-001657-00001409,663,51,1115,511
uav-001659-00005292,222,113,1774,638
uav-001660-00005592,568,370,1356,607
uav-001667-00002468,392,372,700,628
uav-001673-00014576,440,262,1316,1003
uav-001674-00016534,787,356,1408,752
uav-001676-00028395,872,309,1521,605
uav-001677-00171772,1225,913,2514,1269
uav-001683-00003067,304,258,1093,639
uav-001685-00005942,347,35,1292,592
uav-001688-00026761,748,442,1212,590
uav-001690-00004035,1621,541,2305,1117
uav-001692-00004781,163,178,1715,714
uav-001696-00006949,694,282,1835,1018
uav-001697-00007623,1354,803,2407,1804
uav-001699-00013459,1370,552,2902,1313
uav-001703-00006594,1337,144,1938,708
uav-001703-00006675,1632,687,2069,1060
uav-001707-00003891,772,481,1220,934
uav-001707-00003972,552,460,1340,1044
uav-001709-00003283,1066,96,3130,1600
uav-001709-00003342,1072,311,3632,1440
uav-001716-00007143,784,166,1604,743
uav-001717-00000833,455,232,807,452
uav-001718-00007261,53,143,1237,443
uav-001718-00007382,113,133,1122,689
uav-001723-00002634,237,186,1265,775
uav-001726-00000721,36,23,1224,648
uav-001728-00001134,314,107,1014,588
uav-001730-00003659,165,191,654,372
uav-001734-00003573,404,122,969,495
uav-001736-00003761,673,446,1165,639
uav-001740-00000941,142,247,695,512
uav-001743-00003557,705,345,1613,690
uav-001747-00009251,868,189,1688,626
uav-001748-00003141,224,285,1204,721
uav-001753-00000990,522,140,2287,1213
uav-001754-00001485,1225,432,3301,1353
uav-001754-00001570,1318,775,2567,1200
uav-001759-00016524,457,260,733,509
uav-001765-00013728,1640,439,1956,724
uav-001766-00024048,1323,1167,1939,1599
uav-001767-00024828,1868,734,2388,1019
uav-001768-00028098,899,462,1932,1110
uav-001773-00005205,727,325,1047,494
uav-001775-00002579,75,389,1827,669
uav-001776-00033207,431,218,879,414
uav-001779-00007826,473,338,994,495
uav-001779-00007902,779,362,1335,523
uav-001782-00023367,773,317,1226,533
uav-001785-00030831,790,233,1043,442
uav-001786-00000691,327,541,1127,686
uav-001787-00003638,628,624,1145,716
uav-001787-00003738,294,613,1283,738
uav-001788-00001001,404,299,1025,803
uav-001792-00005021,2023,1046,2595,1431
uav-001793-00005793,1132,438,1829,890
uav-001793-00006163,2463,121,2876,470
uav-001794-00006769,2182,227,2906,659
uav-001794-00006893,2148,729,2845,1085
uav-001795-00008370,1171,701,2968,1754
uav-001795-00008512,393,1404,1834,2121
uav-001796-00004252,575,408,1039,705
uav-001797-00005308,838,244,1818,476
uav-001798-00012676,683,571,1515,943
uav-001799-00000060,538,276,1491,669
uav-001799-00000120,581,289,1478,634
uav-001803-00027163,619,393,1235,750
uav-001805-00031299,540,183,1397,603
uav-001810-00000430,99,119,1123,412
uav-001816-00002576,678,648,1658,960
uav-001820-00004314,631,546,1400,706
uav-001820-00004395,558,549,1395,698
uav-001827-00005085,740,330,1364,638
uav-001827-00005315,566,382,1166,642
uav-001833-00003859,599,133,1616,429
uav-001835-00003184,263,300,1532,785
uav-001836-00003709,445,167,1410,832
uav-001839-00001217,1429,714,2509,1242
uav-001839-00001375,1336,561,2713,1182
uav-001840-00011082,2269,521,2809,870
uav-001841-00018131,1988,1029,2572,1238
uav-001842-00000167,592,44,1376,589
uav-001844-00004201,148,427,1808,903
uav-001844-00004227,74,372,1670,797
uav-001844-00004253,71,333,1699,762
uav-001845-00004251,51,324,1716,776
uav-001847-00009582,306,511,899,787
uav-001851-00004309,74,187,1842,1016
uav-001852-00007492,846,475,1307,700
uav-001853-00008359,106,329,1159,930
uav-001854-00005742,641,561,1462,849
uav-001857-00001438,1478,1374,2150,1779
uav-001860-00007383,1267,624,2084,1044
uav-001874-00015152,406,286,762,503
uav-001875-00017867,520,125,973,389
uav-001875-00017959,127,200,1016,549
uav-001880-00031249,499,215,1423,712
uav-001884-00000098,821,44,3013,944
uav-001884-00000146,799,76,2956,909
uav-001887-00037531,1743,550,2244,734
uav-001890-00001477,288,418,2720,1078
uav-001890-00001501,75,590,3096,1187
uav-001890-00001531,574,608,2879,1244
uav-001892-00002837,1629,520,3030,1001
uav-001892-00002858,1424,587,2937,1092
uav-001895-00003962,940,230,1593,679
uav-001897-00005050,876,352,1649,732
uav-001898-00003947,184,54,1697,546
uav-001898-00004026,142,325,1455,806
uav-001900-00005904,715,142,1692,499
uav-001908-00005646,656,445,3105,1670
uav-001908-00005714,780,415,2996,1532
uav-001913-00019524,327,27,1696,692
uav-001922-00050002,509,193,934,409
uav-001927-00000120,378,168,1191,649
uav-001927-00000217,201,60,1178,680
uav-001928-00056192,201,199,1489,804
uav-001931-00007654,523,350,1284,695
uav-001933-00006054,427,271,1735,891
uav-001941-00008111,588,8,1292,461
uav-001944-00011717,558,276,1255,597
uav-001945-00013851,541,340,1070,605
uav-001949-00022052,91,549,700,1022
uav-001951-00027162,425,280,1641,909
uav-001952-00001381,471,355,1103,835
uav-001952-00001562,624,416,980,717
uav-001953-00002802,694,567,1127,779
uav-001954-00003722,554,397,1299,782
uav-001955-00005991,765,204,1193,528
uav-001955-00006312,645,367,1222,787
uav-001956-00002539,357,36,1093,669
uav-001960-00012367,839,418,1251,655
uav-001962-00005212,1572,469,2313,761
uav-001965-00022751,1016,319,1361,540
uav-001967-00012484,1073,368,1386,581
uav-001970-00004842,518,109,1463,946
uav-001980-00008284,211,604,791,1004
uav-001981-00001142,1199,259,1571,428
uav-001982-00001701,418,261,930,542
uav-001985-00000720,171,52,1679,868
uav-001988-00002178,722,326,1055,574
uav-001993-00000461,815,190,1263,519
uav-001993-00000562,900,307,1212,587
uav-001995-00003152,400,104,1456,677
uav-002002-00000302,1043,673,2375,1213
uav-002005-00005812,377,196,1098,553
uav-002006-00000180,765,372,1237,793
uav-002007-00013067,595,51,1848,695
uav-002014-00001238,72,163,813,335
uav-002017-00000808,273,128,1062,364
uav-002020-00007952,853,495,1258,608
uav-002023-00038582,1402,26,1846,375
uav-002040-00025241,886,447,1138,588
uav-002040-00025312,938,511,1163,656
uav-002044-00016762,761,464,1053,601
uav-002045-00024282,660,552,1076,721
uav-002048-00010040,246,43,551,187
uav-002050-00009750,343,429,656,598
uav-002050-00009940,359,114,563,191
uav-002051-00010791,446,436,863,676
uav-002052-00003796,795,246,1355,479
uav-002055-00024206,621,288,1162,601
uav-002071-00009797,1606,947,2654,1207
uav-002072-00016214,1330,1099,2174,1295
uav-002074-00000992,713,389,1462,658
uav-002074-00001034,637,388,1409,672
uav-002088-00000103,432,302,1532,711
uav-002088-00000248,285,496,1661,784
uav-002092-00000808,273,131,1061,363
uav-002097-00000803,879,314,1196,506
uav-002098-00002178,524,2,1124,170
uav-002099-00003037,264,245,1261,501
uav-002104-00000676,465,293,1557,629
uav-002104-00000820,639,411,1147,732
uav-002105-00001105,902,218,1410,402
uav-002107-00007051,267,86,1067,639
uav-002121-00023852,158,251,1186,795
uav-002135-00040742,436,427,1441,888
uav-002136-00041711,827,440,1243,700
uav-002140-00006581,1297,498,2546,1158
uav-002143-00018323,1848,1219,2521,1731
uav-002152-00009231,523,102,855,331
uav-002160-00009092,733,282,1069,579
uav-002168-00006258,1130,714,2878,1619
uav-002169-00008694,1464,1027,2284,1435
uav-002169-00008844,1162,679,2895,1583
uav-002171-00005742,590,300,1379,1008
uav-002176-00002088,861,599,1150,831
uav-002187-00022252,374,87,1402,567
uav-002187-00022434,234,126,1366,570
uav-002190-00008841,543,451,1280,759
uav-002193-00004416,624,219,1564,955
uav-002194-00015005,606,361,887,602
uav-002198-00033827,556,143,792,420
uav-002199-00038442,1185,490,1485,702
uav-002199-00038583,676,207,1112,384
uav-002203-00046254,286,305,942,714
uav-002203-00046594,342,383,1211,815
uav-002204-00051149,707,96,1239,552
uav-002206-00017291,537,369,1378,693
uav-002215-00020140,848,79,1244,340
uav-002216-00022322,832,88,1157,340
uav-002235-00017359,684,88,829,240
uav-002244-00001409,664,87,1265,583
uav-002247-00022468,885,440,1105,644
uav-002250-00001993,600,694,1165,1003
uav-002250-00002474,581,54,1358,630
uav-002252-00005121,72,67,1432,1067
uav-002252-00005490,683,159,1371,639
uav-002255-00011796,761,262,1434,759
uav-002258-00003005,33,23,1646,991
uav-002259-00003988,673,203,1250,779
uav-002261-00004804,251,161,1167,582
uav-002263-00013486,205,157,1565,962
uav-002263-00014570,351,361,1351,1049
uav-002267-00007101,827,178,1431,511
uav-002267-00007902,251,171,1756,800
uav-002271-00023041,490,100,1550,584
uav-002279-00000651,41,151,710,660
uav-002283-00007652,554,649,1234,802
uav-002286-00004234,809,76,1046,257
uav-002300-00000620,545,544,1242,740
uav-002303-00002348,512,366,1900,858
uav-002304-00001750,788,489,1165,706
uav-002305-00002309,690,400,1871,800
uav-002307-00000220,173,426,546,615
uav-002307-00000300,202,142,559,323
uav-002307-00000381,454,150,771,490
uav-002308-00000110,615,496,940,812
uav-002308-00000165,869,196,1350,485
uav-002308-00000220,728,195,1504,564
uav-002308-00000275,292,533,1364,1070
uav-002312-00006226,702,457,1142,605
uav-002312-00006362,530,541,1263,742
uav-002312-00006497,174,277,1515,745
uav-002313-00001243,270,262,970,523
uav-002313-00001435,492,195,825,512
uav-002316-00004418,413,75,754,463
uav-002316-00004585,267,21,839,370
uav-002316-00004668,148,19,980,599
uav-002317-00005553,405,70,978,526
uav-002328-00000151,80,100,1153,640
uav-002333-00003059,40,105,1476,877
uav-002334-00004392,442,130,1451,655
uav-002337-00001011,492,281,1524,617
uav-002337-00001170,254,43,1551,628
uav-002342-00001259,325,284,1037,560
uav-002352-00003057,271,229,1876,954
uav-002372-00017117,321,206,1569,614
uav-002377-00015192,953,16,1501,268
uav-002386-00002102,761,135,1918,612
uav-002389-00007872,541,453,1098,618
uav-002389-00007976,757,522,1734,770
uav-002395-00000834,346,161,803,261
uav-002396-00001934,279,257,976,421
uav-002400-00000262,765,249,1198,429
uav-002411-00002984,669,893,1022,981
uav-002411-00003453,1049,252,1329,493
uav-002412-00004813,632,500,921,605
uav-002413-00003686,845,503,1025,624
uav-002413-00003776,919,388,1048,489
uav-002415-00005435,696,335,904,599
uav-002415-00005485,475,499,987,747
uav-002415-00005536,540,710,1064,878
uav-002415-00005586,725,607,1178,780
uav-002422-00004146,1233,250,1553,414
uav-002424-00012363,550,602,979,755
uav-002427-00012418,693,140,1134,617
uav-002428-00012984,827,43,1823,824
uav-002430-00017539,671,404,1252,596
uav-002431-00002863,484,410,1217,671
uav-002439-00001218,644,308,1541,877
uav-002440-00001827,513,278,1594,767
uav-002441-00002905,402,321,1346,674
uav-002443-00004916,1230,242,1663,459
uav-002445-00003314,620,438,981,703
uav-002446-00005246,1003,358,1759,891
uav-002454-00008467,362,556,1503,929
uav-002455-00010302,148,295,1773,848
uav-002466-00001782,833,47,2874,2047
uav-002481-00004955,472,250,868,410
uav-002482-00006434,320,225,921,493
uav-002484-00002679,395,330,2487,1214
uav-002485-00005390,400,555,3345,1732
uav-002487-00009429,803,551,2668,1224
uav-002488-00004801,637,309,1610,657
uav-002489-00008461,1063,389,1411,593
uav-002491-00015521,554,244,1339,592
uav-002491-00015691,322,179,1410,680
uav-002510-00004659,100,319,1544,728
uav-002510-00004838,326,348,1851,793
uav-002511-00006202,73,396,1749,645
uav-002512-00007076,754,328,1030,656
uav-002514-00011202,23,420,1584,689
uav-002516-00014401,575,10,1116,830
uav-002517-00015876,785,242,1290,578
uav-002530-00007012,717,424,1545,728
uav-002532-00004557,523,244,956,500
uav-002542-00021040,882,410,1099,623
uav-002546-00007682,638,592,1094,777
uav-002547-00009902,1153,395,1590,667
uav-002548-00012002,712,432,1516,720
uav-002550-00003147,585,88,834,516
uav-002550-00003252,129,144,897,484
uav-002551-00004066,521,219,714,460
uav-002551-00004206,322,237,955,569
uav-002552-00000939,579,369,1279,765
uav-002554-00002667,617,446,1381,863
uav-002556-00004465,721,361,1666,570
uav-002569-00004676,323,66,1560,718
uav-002570-00003005,157,453,1789,961
uav-002575-00002041,706,254,910,647
uav-002575-00003842,662,143,1635,1036
uav-002576-00006781,798,153,1379,822
uav-002577-00012002,867,163,1400,964
uav-002579-00018941,841,369,1306,814
uav-002579-00020172,485,180,1494,1069
uav-002580-00000974,558,265,1295,966
uav-002581-00002128,262,326,1095,887
uav-002588-00002997,723,123,1715,583
uav-002588-00003237,598,109,1543,434
uav-002589-00005515,448,147,1901,820
uav-002590-00006594,460,431,1744,812
uav-002592-00010106,122,240,1850,748
uav-002602-00005276,504,332,1756,833
uav-002605-00010367,183,327,1752,844
uav-002610-00018668,290,274,1815,974
uav-002616-00007001,638,235,1618,739
uav-002617-00009835,557,226,1334,571
uav-002619-00014501,512,330,1756,1027
uav-002638-00007163,563,192,1275,665
uav-002644-00000650,442,96,915,480
uav-002645-00002277,673,178,905,515
uav-002646-00003064,595,173,836,598
uav-002647-00001327,493,190,762,475
uav-002648-00002877,142,30,810,471
uav-002651-00000427,485,141,765,469
uav-002652-00001680,364,40,772,449
uav-002655-00000559,755,238,1355,935
uav-002658-00002426,677,387,1146,864
uav-002659-00001799,394,228,651,676
uav-002661-00003052,261,304,673,801
uav-002663-00011570,84,92,1209,576
uav-002663-00011615,184,0,933,576
uav-002664-00013936,407,187,912,532
uav-002668-00003421,411,281,1872,917
uav-002670-00013202,850,330,1567,734
uav-002672-00020582,468,287,1525,724
uav-002676-00015844,835,415,1663,796
uav-002678-00004706,536,193,1600,582
uav-002679-00005854,427,198,1515,959
uav-002681-00003407,542,225,1127,517
uav-002681-00004022,692,182,1537,670
uav-002682-00001259,293,105,1257,562
uav-002683-00003147,223,139,1235,591
uav-002686-00000564,327,127,1491,688
uav-002686-00000752,555,303,1060,899
uav-002687-00000600,458,155,1770,923
uav-002687-00001199,206,250,1618,779
uav-002688-00005575,253,266,1761,786
uav-002690-00015224,859,474,1399,810
uav-002695-00002578,741,280,1373,796
uav-002696-00004026,195,333,1584,994
uav-002700-00014501,622,159,1438,856
uav-002700-00015001,918,163,1182,816
uav-002701-00019172,451,10,1799,830
uav-002703-00000976,107,507,1896,996
uav-002706-00008752,341,197,1497,1038
uav-002724-00000784,769,127,1333,504
uav-002725-00001560,520,187,1236,772
uav-002727-00000301,377,521,1361,689
uav-002732-00000402,318,232,3366,1877
uav-002734-00002532,1449,268,3074,1289
uav-002741-00009367,457,284,2062,1352
uav-002742-00011174,811,420,3579,1809
uav-002743-00011848,1467,631,2780,1608
uav-002744-00002668,825,458,1177,675
uav-002749-00013996,599,474,1392,910
uav-002750-00000685,265,127,562,291
uav-002757-00015065,563,349,1140,818
uav-002759-00012412,999,465,1680,813
uav-002762-00001440,410,164,874,481
uav-002766-00003877,404,318,708,518
uav-002780-00002451,439,108,924,393
uav-002782-00003143,195,91,876,520
uav-002791-00015609,446,158,1027,406
uav-002791-00015668,538,69,1070,381
uav-002793-00016151,245,322,777,662
uav-002799-00003758,804,703,1112,903
uav-002801-00001211,32,208,772,436
uav-002804-00006241,152,95,1260,659
uav-002807-00002402,380,323,844,483
uav-002813-00000743,757,414,1426,767
uav-002834-00011091,529,294,813,519
uav-002856-00000070,372,60,1112,513
uav-002859-00007023,0,244,225,400
uav-002886-00003437,148,96,1096,664
uav-002923-00005474,308,56,777,433
uav-002926-00013167,283,156,703,401
uav-002929-00017153,410,343,711,451
uav-002936-00000809,365,208,658,416
uav-002947-00000518,456,489,873,637
uav-002957-00000634,239,58,787,247
uav-002964-00009668,323,249,611,437
uav-002983-00002198,307,339,1171,567
uav-003000-00016454,674,298,1179,563
uav-003020-00001117,392,205,920,385
uav-003020-00001209,163,208,1027,464
uav-003039-00011719,445,68,858,332
uav-003039-00011810,560,296,864,541
uav-003047-00000518,342,263,874,451
uav-003063-00006343,161,251,918,556
uav-003075-00012298,620,273,873,441
uav-003076-00013736,543,127,935,308
uav-003092-00004802,556,41,909,322
uav-003093-00006091,348,78,721,315
uav-003108-00000753,307,260,480,385
uav-003109-00001889,343,226,923,402
uav-003110-00000359,507,175,899,411
uav-003112-00000609,225,420,581,525
uav-003112-00000713,303,43,499,288
uav-003114-00000450,634,68,1162,441
uav-003115-00001513,375,151,903,699
uav-003116-00000834,15,209,1215,706
uav-003119-00003518,137,7,505,124
uav-003120-00002090,460,141,913,405
uav-003122-00000750,464,72,1032,552
uav-003129-00000809,144,57,881,413
uav-003129-00001049,410,92,831,356
uav-003131-00001978,208,237,1193,498
uav-003131-00002068,202,177,1215,522
uav-003133-00001861,44,296,1252,677
uav-003136-00001275,384,140,948,377
uav-003139-00000345,359,84,920,329
uav-003150-00000620,356,196,1192,681
uav-003153-00010330,185,167,1009,487
uav-003153-00010411,141,167,1017,488
uav-003158-00004386,298,210,1171,411
uav-003159-00010350,378,253,826,406
uav-003160-00015724,327,320,1191,505
uav-003166-00001276,210,186,1107,391
uav-003180-00002068,662,275,779,599
uav-003182-00001424,218,84,850,236
uav-003184-00000412,255,352,695,456
uav-003184-00000855,405,396,1209,505
uav-003187-00000601,440,104,1096,409
uav-003188-00003559,373,292,1058,548
uav-003191-00001153,530,264,807,408
uav-003192-00002731,400,126,957,359
uav-003195-00000267,430,230,1187,618
uav-003196-00002942,466,54,1215,410
uav-003197-00003527,200,239,1244,615
uav-003211-00001710,90,29,442,265
uav-003214-00000663,63,10,919,167
uav-003216-00001989,373,354,750,447
uav-003221-00000926,336,159,769,256
uav-003221-00001314,226,318,879,483
uav-003223-00005038,361,271,870,356
uav-003225-00000839,49,134,534,466
uav-003226-00001349,395,166,987,483
uav-003226-00001379,460,126,912,595
uav-003226-00001410,198,190,923,331
uav-003230-00000680,436,97,817,409
uav-003230-00000705,390,104,859,416
uav-003230-00000756,288,41,801,374
uav-003231-00000949,444,143,1072,464
uav-003231-00001024,405,124,1034,464
uav-003236-00003107,374,218,995,274
uav-003239-00000260,259,216,1091,377
uav-003242-00001349,172,370,1112,567
uav-003247-00017213,148,235,1108,524
uav-003249-00003596,872,505,1277,610
uav-003253-00000451,526,134,1154,530
uav-003253-00000477,455,203,1164,555
uav-003255-00001154,469,45,1273,681
uav-003263-00003556,369,49,845,165
uav-003263-00006933,201,323,1173,632
uav-003265-00000689,223,202,999,522
uav-003267-00000450,121,186,1113,414
uav-003275-00003268,294,34,1094,483
uav-003285-00000713,242,78,1058,758
uav-003287-00002214,632,622,1388,811
uav-003292-00000201,455,87,1847,563
uav-003293-00000784,689,495,1066,659
uav-003293-00000918,646,393,1434,761
uav-003294-00001332,471,439,1136,935
uav-003294-00001434,632,245,1440,610
uav-003309-00001239,589,121,1078,473
uav-003310-00002628,497,43,1105,363
uav-003313-00000951,894,274,1686,743
uav-003317-00002817,224,194,960,547
uav-003317-00002992,445,318,1765,1023
uav-003320-00001126,394,117,1543,650
uav-003325-00002377,657,406,901,594
uav-003329-00005939,534,209,927,445
uav-003339-00001018,638,292,1346,608
uav-003341-00000462,1462,639,2991,1151
uav-003341-00000626,1607,124,3103,648
uav-003341-00000979,1598,537,2775,1709
uav-003342-00002137,1956,1242,2772,1546
uav-003342-00002309,617,892,2333,1536
uav-003342-00002640,1058,430,2463,1507
uav-003344-00003694,222,248,2210,956
uav-003345-00000140,564,119,937,411
uav-003346-00003142,609,149,1865,465
uav-003347-00003467,293,255,1505,1044
uav-003350-00000234,88,621,1057,941
uav-003350-00000368,313,622,770,831
uav-003350-00000435,3,645,964,861
uav-003352-00001567,237,388,1481,712
uav-003355-00001835,642,246,950,631
uav-003357-00001861,175,168,1104,448
uav-003358-00004052,196,129,1077,517
uav-003359-00001101,415,180,927,404
uav-003360-00003118,275,287,920,415
uav-003362-00004096,267,112,952,517
uav-003362-00004326,7,205,1135,385
uav-003369-00002826,692,599,1209,868
uav-003370-00000717,143,93,676,278
uav-003380-00003107,32,68,393,280
uav-003390-00000270,342,519,1342,852
uav-003396-00001799,584,138,1812,306
uav-003397-00002618,786,408,1306,553
uav-003397-00002661,286,185,819,422
uav-003402-00000240,50,11,410,192
uav-003404-00002649,228,198,568,315
uav-003408-00005205,48,149,504,333
uav-003418-00000720,171,57,415,214
uav-003419-00000420,223,210,508,343
uav-003422-00002997,191,142,620,306
uav-003423-00004601,103,79,712,412
uav-003423-00004896,85,17,674,381
uav-003427-00000470,1179,135,1771,324
uav-003428-00003267,1323,399,1696,615
uav-003429-00005301,1388,382,1868,754
uav-003430-00002176,541,275,1350,739
uav-003434-00025485,351,110,839,406
uav-003436-00011049,367,150,920,438
uav-003436-00013707,146,234,951,607
uav-003440-00001539,627,310,1167,598
uav-003453-00002925,668,361,1201,1030
uav-003456-00010102,872,197,1409,761
uav-003460-00002401,880,729,1296,1041
uav-003460-00002801,768,396,1357,661
uav-003460-00003202,1045,593,1525,745
uav-003465-00052149,659,182,1484,770
uav-003469-00010120,330,419,759,599
uav-003470-00013157,329,85,1030,501
uav-003475-00002858,697,503,1085,775
uav-003482-00000051,170,139,722,451
uav-003482-00000102,253,127,733,428
uav-003498-00001184,1069,360,1298,524
uav-003498-00001309,1168,164,1433,325
uav-003498-00001434,937,467,1213,643
uav-003500-00004167,449,237,989,474
uav-003501-00015306,368,56,1069,433
uav-003502-00002938,20,278,1877,946
uav-003504-00000740,115,377,595,582
uav-003504-00000750,411,377,859,574
uav-003509-00001680,196,305,416,570
uav-003509-00001695,185,387,386,632
uav-003510-00002059,701,598,1081,750
uav-003516-00000195,2430,1462,3074,1638
uav-003520-00000935,1269,439,1782,775
uav-003521-00001143,496,450,813,691
uav-003521-00001184,509,644,969,973
uav-003522-00001696,488,320,1041,649
uav-003523-00002310,304,184,1025,592
uav-003523-00002343,341,97,978,462
uav-003524-00002743,904,404,1733,837
uav-003525-00004302,678,457,1286,621
uav-003527-00000921,1284,456,1801,765
uav-003538-00002734,600,237,1340,569
uav-003541-00003617,536,182,1576,518
uav-003549-00000556,732,484,972,668
uav-003550-00002877,762,494,1126,731
uav-003553-00000250,689,321,1313,742
uav-003554-00001299,313,233,993,586
uav-003554-00001340,394,293,1078,750
uav-003555-00000122,146,77,1843,686
uav-003555-00000301,130,95,1898,664
uav-003558-00000230,91,123,1903,683
uav-003560-00004276,530,311,1491,652
uav-003565-00009352,264,270,737,502
uav-003567-00018617,395,138,843,366
uav-003570-00001111,858,405,1478,598
uav-003570-00002012,347,276,1512,580
uav-003572-00005093,553,244,1170,464
uav-003576-00000701,199,303,1000,567
uav-003577-00010701,236,89,552,333
uav-003577-00011352,34,95,671,400
uav-003579-00003471,230,168,999,364
uav-003580-00005782,469,1,945,238
uav-003590-00006684,716,131,1504,459
uav-003634-00007584,43,41,1404,510
uav-003635-00008301,614,474,1478,906
uav-003635-00008402,695,656,1480,989
uav-003636-00010334,266,321,1126,662
uav-003638-00011734,491,570,1263,899
uav-003638-00011818,503,677,1244,1005
uav-003650-00000927,441,265,842,494
uav-003662-00001668,364,124,1397,968
uav-003662-00001710,401,45,1370,858
uav-003668-00005342,421,232,1353,953
uav-003675-00003021,56,240,1900,909
uav-003704-00002160,176,303,1812,703
uav-003705-00003703,428,8,1676,640
uav-003706-00000839,76,204,1228,456
uav-003710-00000621,739,127,1852,727
uav-003713-00004301,491,264,1436,576
uav-003716-00001893,343,125,1915,578
uav-003734-00002617,178,276,1834,997
uav-003735-00003176,113,420,1393,825
uav-003738-00001943,223,536,1608,908
uav-003755-00001080,40,5,1073,962
uav-003757-00001622,266,294,1074,1042
uav-003758-00002001,445,372,901,624
uav-003759-00003126,591,243,1079,716
uav-003759-00003151,672,146,1276,687
uav-003762-00000959,153,13,1118,902
uav-003765-00002952,608,277,956,646
uav-003765-00003127,600,149,1265,801
uav-003768-00002997,805,312,1113,648
uav-003768-00003285,940,119,1540,836
uav-003768-00003429,791,201,1287,854
uav-003770-00001913,154,342,1286,1018
uav-003771-00002458,111,143,1319,644
uav-003785-00001939,531,188,1444,696
uav-003785-00002252,382,228,1230,1032
uav-003786-00001199,623,453,1195,749
uav-003791-00002498,842,582,1150,767
uav-003792-00003657,1150,219,1678,656
uav-003792-00005696,317,329,1434,793
uav-003797-00001463,501,195,1177,455
uav-003806-00006504,815,61,1164,362
uav-003807-00011029,712,33,1228,305
uav-003808-00013796,447,54,1580,1055
uav-003809-00004497,392,78,1329,838
uav-003813-00011311,410,30,1146,383
uav-003819-00002142,246,31,766,335
uav-003826-00006552,391,171,875,451
uav-003834-00000151,442,403,1342,816
uav-003834-00000377,490,316,1222,744
uav-003857-00000201,261,407,1625,648
uav-003866-00002776,618,163,1174,816
uav-003868-00005164,746,193,1366,545
uav-003868-00005390,207,226,1740,450
uav-003875-00002210,123,302,919,382
uav-003875-00002245,343,337,1036,482
uav-003877-00001199,471,104,792,520
uav-003878-00001858,394,167,802,512
uav-003878-00001993,470,259,963,527
uav-003878-00002263,289,290,930,511
uav-003880-00003747,269,326,982,458
uav-003892-00000314,557,404,1454,709
uav-003893-00001227,694,280,1458,712
uav-003895-00005938,675,358,1699,707
uav-003896-00001737,47,222,1415,535
uav-003897-00001259,385,279,849,379
uav-003897-00001518,308,228,1132,385
uav-003909-00001230,311,135,1331,632
uav-003920-00007984,729,366,1258,582
uav-003922-00001302,552,201,3581,1457
uav-003938-00018222,658,419,1226,555
uav-003939-00019311,853,15,1049,196
uav-003940-00020540,654,286,1418,519
uav-003942-00028931,811,362,1220,683
uav-003945-00013400,1838,844,2803,1532
uav-003946-00015921,343,799,1244,1316
uav-003948-00000710,474,239,1346,560
uav-003948-00001420,649,338,1582,606
uav-003949-00002967,262,299,1467,599
uav-003949-00003567,593,549,1493,750
uav-003950-00005225,297,323,1230,651
uav-003953-00010715,896,197,1268,481
uav-003955-00013027,276,91,1100,572
uav-003956-00014805,255,110,1091,571
uav-003956-00014955,379,75,775,387
uav-003957-00015305,425,81,905,366
uav-003958-00000160,763,241,1300,553
uav-003958-00000320,823,8,1488,369
uav-003962-00017193,665,606,958,826
uav-003963-00003057,389,228,1098,892
uav-003964-00013191,725,269,1281,518
uav-003966-00018182,474,451,1083,731
uav-003976-00014201,690,255,1799,659
uav-003978-00007202,387,196,855,536
uav-003979-00019643,608,257,1356,618
uav-003981-00013157,596,160,977,481
uav-003982-00016244,36,303,1853,947
uav-003982-00016335,559,404,1572,884
uav-003993-00018438,692,434,3413,2119
uav-003993-00018503,992,249,3801,1970
uav-003994-00002431,577,309,2786,1538
uav-003994-00002581,1815,1115,2167,1303
uav-003995-00003641,1792,68,2020,289
uav-003995-00003683,1638,605,1890,737
uav-003995-00003713,1622,585,1862,710
uav-003997-00025175,905,336,1218,500
uav-004000-00005641,814,461,1295,685
uav-004000-00005749,258,327,1510,855
uav-004000-00005966,426,350,1322,779
uav-004001-00006530,647,250,1187,674
uav-004001-00006590,559,329,1111,769
uav-004002-00000570,567,269,1379,1010
uav-004002-00000675,395,334,1535,811
uav-004002-00000886,512,356,1613,896
uav-004003-00002058,841,475,1326,735
uav-004004-00005320,865,245,1165,461
uav-004006-00006709,20,310,1789,599
uav-004006-00006743,63,346,1848,627
uav-004011-00002096,1128,714,2864,1370
uav-004011-00002167,1000,581,2932,1161
uav-004014-00000387,2210,626,3454,875
uav-004017-00010929,781,380,1310,765
uav-004021-00003976,955,341,1444,581
uav-004022-00006763,347,163,1047,879
uav-004022-00007233,763,100,1327,564
uav-004023-00009770,581,168,1089,636
uav-004023-00010370,382,300,1118,968
uav-004024-00000251,760,181,1600,525
uav-004031-00001563,1054,458,2455,1506
uav-004034-00011202,866,405,1131,658
uav-004039-00008572,955,244,1476,636
uav-004042-00000511,724,278,1456,847
uav-004044-00001720,807,164,1479,776
uav-004045-00003738,784,390,1373,914
uav-004049-00007251,728,232,1305,657
uav-004052-00010293,830,267,1151,504
uav-004077-00004164,1115,40,1748,496
uav-004077-00004205,1105,140,1525,456
uav-004078-00005092,610,203,1287,756
uav-004079-00005275,733,431,1046,631
uav-004079-00005324,736,71,1041,380
uav-004080-00005507,682,306,1003,558
uav-004081-00006778,628,368,1044,592
uav-004085-00003256,1958,1122,3011,1759
uav-004090-00002609,1058,203,2015,732
uav-004090-00002706,989,208,1753,629
uav-004091-00004370,1229,630,2446,1570
uav-004091-00004688,1816,769,2264,1078
uav-004092-00014126,482,38,1679,610
uav-004094-00001917,798,432,1227,725
uav-004095-00001048,653,305,1265,649
uav-004096-00002543,649,339,1346,600
uav-004096-00002924,445,318,1086,651
uav-004097-00003996,613,301,1341,638
uav-004097-00004150,414,312,1723,821
uav-004101-00001129,91,196,1336,801
uav-004103-00027912,1408,956,2505,1196
uav-004103-00028506,1699,682,2223,846
uav-004103-00029713,529,693,1805,1090
uav-004105-00026341,244,308,1809,728
uav-004105-00026522,369,404,1586,809
uav-004127-00002626,236,127,1252,464
uav-004131-00002973,317,200,1457,468
uav-004133-00005292,746,265,1182,377
uav-004135-00017704,293,224,1734,1044
uav-004138-00003447,749,267,1161,523
uav-004140-00002817,488,15,1392,799
uav-004141-00000466,657,171,1133,623
uav-004142-00000515,1713,798,2622,1295
uav-004144-00000190,345,195,637,376
uav-004144-00000321,266,399,615,527
uav-004147-00001088,943,401,1328,754
uav-004147-00001247,508,584,1420,809
uav-004148-00000276,294,365,926,490
uav-004150-00000365,811,393,1284,481
uav-004151-00003788,547,284,1203,600
uav-004157-00001302,412,295,1608,659
uav-004157-00001478,272,296,1424,673
uav-004158-00003086,639,495,1743,724
uav-004162-00000888,1297,455,1650,656
uav-004163-00000075,1368,1034,2081,1443
uav-004163-00000114,1139,827,2148,1243
uav-004163-00000152,1228,1108,2552,1537
uav-004164-00000632,439,838,1359,1311
uav-004164-00001137,1948,1178,2413,1467
uav-004165-00009457,1088,551,2932,1440
uav-004166-00057463,117,375,1086,632
uav-004166-00058403,380,549,1200,782
uav-004168-00071690,401,253,1574,610
uav-004174-00004901,196,163,1397,963
uav-004175-00021698,75,321,1664,721
uav-004175-00021818,1039,454,1900,922
uav-004177-00009951,2194,1091,2847,1776
uav-004177-00010199,1641,746,2246,1275
uav-004178-00002249,594,215,1542,479
uav-004178-00002699,672,336,1217,557
uav-004183-00000556,1233,1000,2502,1569
uav-004183-00000811,1087,809,2344,1214
uav-004184-00002305,941,827,2542,1988
uav-004186-00004004,1676,770,2621,1155
uav-004186-00004254,1997,660,2506,1089
uav-004186-00004505,1125,761,1925,1078
uav-004187-00006884,984,571,2588,1244
uav-004189-00001051,368,664,1452,957
uav-004191-00001395,118,154,1527,590
uav-004193-00002774,658,654,1099,1034
uav-004195-00001053,229,382,1397,895
uav-004195-00001953,667,474,1063,646
uav-004197-00001998,394,301,1143,1030
uav-004201-00002997,1055,335,1199,700
uav-004205-00000514,1223,796,1935,1113
uav-004205-00001028,979,487,2135,1123
uav-004207-00000500,607,523,1084,855
uav-004208-00003573,700,519,1325,788
uav-004208-00003669,819,422,1491,638
uav-004211-00013788,623,189,1796,793
uav-004214-00002000,401,169,1141,465
uav-004214-00002500,652,169,909,410
uav-004216-00000611,1431,1133,2292,1538
uav-004216-00000679,1580,235,2784,1315
uav-004217-00005251,566,435,1559,839
uav-004221-00001802,577,404,1478,740
uav-004222-00011202,715,394,1048,623
uav-004223-00000601,469,291,1065,552
uav-004224-00005401,153,391,921,651
uav-004225-00001213,2100,548,2277,789
uav-004227-00009216,842,571,1299,923
uav-004231-00001951,553,87,1234,867
uav-004231-00002102,558,195,1363,423
uav-004232-00012689,767,591,1095,775
uav-004232-00012789,684,583,1033,811
uav-004233-00013037,721,477,1126,625
uav-004233-00013187,639,532,1127,693
uav-004239-00001053,938,634,1483,1002
uav-004240-00002847,648,343,881,535
uav-004252-00001201,327,239,900,527
uav-004255-00000080,463,451,1539,699
uav-004257-00004196,689,347,1165,543
uav-004258-00007942,594,262,1015,538
uav-004258-00008092,778,444,1419,645
uav-004258-00008392,707,428,1235,696
uav-004261-00008092,600,413,1140,718
uav-004263-00001751,751,378,1115,686
uav-004264-00009001,678,217,951,470
uav-004265-00007501,696,462,1157,611
uav-004265-00007801,517,193,1194,425
uav-004266-00001574,617,470,1153,674
uav-004266-00002124,403,408,1272,701
uav-004267-00004046,767,394,932,587
uav-004267-00004646,485,414,1130,711
uav-004268-00000799,697,491,1630,823
uav-004270-00001998,350,204,983,536
uav-004271-00003007,734,288,1138,620
uav-004271-00003117,890,355,1462,676
uav-004271-00003227,525,385,1021,734
uav-004274-00000722,737,468,1173,757
uav-004275-00001250,422,246,774,503
uav-004277-00001299,696,498,1133,642
uav-004277-00001899,566,449,1275,677
uav-004278-00003297,503,603,1236,867
uav-004279-00002218,830,441,955,806
uav-004279-00002378,718,519,978,783
uav-004280-00005402,591,329,1039,589
uav-004286-00000749,349,624,1133,912
uav-004286-00001649,724,466,1205,686
uav-004288-00002397,805,569,1346,805
uav-004288-00003596,620,605,1309,793
uav-004290-00000180,554,506,1310,879
uav-004292-00014313,1607,766,2300,999
uav-004295-00001462,1415,1746,2048,1947
uav-004295-00001831,1531,1575,1955,1776
uav-004296-00006210,2269,1310,2657,1526
uav-004297-00004198,903,451,1360,679
uav-004298-00003297,701,480,1206,677
uav-004300-00001564,1158,106,1727,439
uav-004301-00009741,559,392,1452,713
uav-004306-00001377,323,270,1148,794
uav-004306-00001770,575,272,967,564
uav-004306-00002557,331,403,1328,728
uav-004307-00005194,431,317,955,646
uav-004307-00005607,402,315,1186,707
uav-004309-00001599,1622,558,1811,778
uav-004309-00001949,483,604,1056,897
uav-004313-00000501,513,295,1338,591
uav-004313-00000702,495,494,1208,710
uav-004313-00000802,578,584,1090,752
uav-004314-00001798,613,670,1089,871
uav-004317-00000401,713,581,1285,741
uav-004317-00000502,786,434,1179,586
uav-004321-00003797,781,620,1093,868
uav-004321-00004197,598,587,1151,828
uav-004322-00001349,941,362,1229,531
uav-004325-00002546,929,248,1913,656
uav-004328-00000101,2032,888,2537,1101
uav-004328-00000170,1674,903,2551,1344
uav-004329-00000200,330,183,1562,884
uav-004330-00007843,46,149,1438,770
uav-004338-00000619,817,330,1050,486
uav-004339-00000501,943,592,1343,749
uav-004340-00000869,752,94,1157,327
uav-004343-00000903,1386,996,2091,1633
uav-004344-00001060,1881,878,2145,1130
uav-004345-00003008,1509,599,1890,891
uav-004347-00004795,467,81,1616,581
uav-004352-00001417,594,401,1027,602
uav-004353-00000351,684,309,1212,562
uav-004357-00004795,1066,230,1434,382
uav-004358-00001299,425,558,1285,914
uav-004359-00005994,675,216,1067,492
uav-004360-00013726,780,403,1521,664
uav-004360-00014326,551,210,1084,382
uav-004360-00014925,969,279,1429,420
uav-004361-00004497,832,549,1200,698
uav-004362-00003297,821,427,1254,648
uav-004363-00008394,734,328,1046,492
uav-004364-00001738,765,380,1041,553
uav-004366-00001667,785,514,1078,630
uav-004367-00000681,881,253,1233,469
uav-004368-00002251,686,117,1082,361
uav-004368-00002552,585,196,1065,485
uav-004369-00008292,6,463,335,956
uav-004369-00008567,266,279,1219,651
uav-004395-00000230,617,55,1113,451
uav-004396-00001155,0,562,1785,730
uav-004397-00001342,487,551,1196,636
uav-004399-00000555,166,240,622,365
uav-004403-00000264,510,290,1203,615
uav-004403-00000528,771,394,1327,610
uav-004404-00000451,134,387,518,495
uav-004406-00001033,289,276,565,349
uav-004411-00000325,36,115,513,271
uav-004412-00001678,142,151,718,300
uav-004412-00001798,224,88,664,256
uav-004413-00021555,162,112,575,273
uav-004415-00027369,114,153,783,350
uav-004416-00002750,604,516,1293,636
uav-004417-00005460,956,444,1112,556
uav-004418-00001168,647,219,1287,400
uav-004419-00002917,343,375,1384,652
uav-004420-00000667,125,320,1526,1056
uav-004420-00000730,667,260,1260,565
uav-004423-00002126,470,150,806,507
uav-004424-00005667,327,232,620,413
uav-004428-00015001,363,188,868,476
uav-004429-00017501,225,174,649,374
uav-004430-00002841,453,108,866,341
uav-004431-00004645,315,236,704,513
uav-004434-00012289,183,235,812,520
uav-004439-00001702,484,67,724,311
uav-004444-00002401,37,51,473,307
uav-004444-00003302,228,40,720,405
uav-004447-00011702,202,112,610,381
uav-004449-00004934,507,176,887,377
uav-004449-00005510,301,175,810,596
uav-004452-00003002,16,155,617,356
uav-004454-00000501,71,204,592,333
uav-004457-00011001,220,120,801,264
uav-004462-00007029,429,302,994,446
uav-004465-00000281,248,638,1192,794
uav-004471-00004614,68,78,421,299
uav-004474-00003147,360,272,733,453
uav-004474-00003177,340,99,952,400
uav-004477-00006894,508,318,805,451
uav-004477-00006925,384,254,1004,498
uav-004479-00002518,793,190,1069,262
uav-004479-00002559,221,216,441,388
uav-004480-00009551,913,527,1054,612
uav-004480-00009636,894,246,1022,334
uav-004480-00009722,721,375,930,500
uav-004481-00000700,636,399,869,488
uav-004484-00004506,517,111,913,300
uav-004486-00000220,497,436,1054,576
uav-004487-00000889,229,377,946,561
uav-004500-00000105,224,156,401,233
uav-004502-00000476,706,0,1186,845
uav-004502-00000660,880,78,1316,870
uav-004503-00001500,748,284,1241,856
uav-004503-00001709,626,332,1279,741
uav-004503-00001917,506,329,1491,738
uav-004504-00000912,248,75,716,355
uav-004504-00001057,245,52,629,268
uav-004506-00001475,225,248,1237,473
uav-004507-00002078,346,31,755,323
uav-004507-00002158,316,17,704,322
uav-004507-00002318,260,205,713,389
uav-004508-00002687,257,206,897,355
uav-004508-00002802,167,238,963,463
uav-004508-00002917,60,164,1125,477
uav-004511-00003446,737,675,1381,919
uav-004511-00004088,1401,150,2453,519
uav-004511-00004728,1105,733,1537,877
uav-004512-00006874,309,608,1597,944
uav-004512-00007286,558,236,1370,445
uav-004513-00011293,200,653,1049,826
uav-004514-00018033,719,318,1612,575
uav-004517-00001499,504,369,817,553
uav-004519-00000631,128,51,800,420
uav-004519-00000661,47,63,795,400
uav-004521-00000949,632,291,1165,539
uav-004524-00001039,241,52,701,320
uav-004527-00000729,102,181,1279,478
uav-004528-00005794,223,234,992,466
uav-004528-00006034,486,233,1163,414
uav-004529-00000210,888,466,1317,634
uav-004529-00000251,474,430,874,614
uav-004530-00000660,1001,207,1906,323
uav-004530-00000751,584,250,1401,411
uav-004532-00003667,959,280,1536,540
uav-004534-00006974,522,471,1378,596
uav-004540-00002581,222,180,1503,665
uav-004540-00002881,839,229,1439,393
uav-004540-00003182,327,368,1680,761
uav-004541-00000450,599,470,1240,659
uav-004541-00000525,378,365,1163,614
uav-004541-00000601,259,269,1192,726
uav-004541-00000676,39,235,1120,780
uav-004545-00001599,78,178,322,270
uav-004555-00011491,335,112,719,340
uav-004556-00019820,532,227,1789,676
uav-004556-00019950,155,327,1764,1016
uav-004557-00020471,371,356,1439,744
uav-004573-00018811,696,60,1500,300
uav-004573-00018932,902,154,1678,506
uav-004583-00015205,758,477,2123,990
uav-004583-00015397,364,375,1861,952
uav-004586-00013649,1492,637,2285,1069
uav-004587-00015489,606,360,1806,1229
uav-004589-00024996,1169,622,2214,1471
uav-004590-00014901,760,317,1100,473
uav-004590-00015902,660,316,1001,461
uav-004595-00000643,916,877,2565,1174
uav-004597-00001034,4,123,388,207
uav-004598-00002278,108,116,680,236
uav-004600-00002342,714,476,1890,716
uav-004600-00002439,925,458,1826,602
uav-004607-00000884,593,307,1150,688
uav-004611-00001501,803,435,1123,560
uav-004612-00000826,655,153,1295,502
uav-004613-00001243,376,40,1365,468
uav-004614-00001801,940,1506,1576,1790
uav-004614-00002099,1122,805,1910,1410
uav-004614-00002409,504,703,1564,1152
uav-004616-00002208,1996,786,2625,1358
uav-004618-00006334,502,390,1422,795
uav-004618-00006501,717,520,1182,672
uav-004618-00006835,598,262,1214,950
uav-004619-00009626,102,314,1695,787
uav-004619-00009918,614,307,1550,587
uav-004619-00010210,590,430,1490,691
uav-004621-00001834,986,242,1346,523
uav-004621-00002668,861,532,1298,960
uav-004623-00000880,492,221,933,382
uav-004623-00001320,804,533,1312,678
uav-004623-00001760,663,413,1176,553
uav-004623-00002200,729,449,1225,586
uav-004624-00001804,1391,745,2348,1545
uav-004624-00002101,1451,818,2348,1158
uav-004624-00002707,1336,602,2176,999
uav-004625-00000250,1457,1297,2073,1589
uav-004625-00000501,1667,1308,2256,1585
uav-004625-00000630,1504,1141,2393,1362
uav-004626-00001205,1194,1016,2227,1328
uav-004626-00001502,102,796,3523,1976
uav-004629-00001542,694,411,1210,556
uav-004629-00001625,453,435,1125,616
uav-004629-00001709,197,310,1570,831
uav-004630-00004867,944,418,1404,687
uav-004630-00004984,779,540,1048,657
uav-004631-00003001,659,473,1359,717
uav-004631-00003501,420,198,909,443
uav-004631-00004502,269,164,1270,669
uav-004632-00008001,690,501,1267,750
uav-004632-00008752,1266,393,1823,933
uav-004633-00002101,446,484,1187,657
uav-004633-00002302,710,478,1246,674
uav-004635-00001049,535,277,928,429
uav-004636-00001501,472,382,1492,879
uav-004636-00001626,784,460,1373,764
uav-004636-00001752,555,400,1316,740
uav-004636-00001877,655,413,1436,693
uav-004638-00038182,650,288,915,544
uav-004639-00040160,686,187,1202,483
uav-004641-00017071,884,519,1325,895
uav-004642-00018722,649,559,1081,924
uav-004648-00033307,21,421,389,626
uav-004650-00064261,981,550,1225,742
uav-004650-00065463,897,469,1210,685
uav-004652-00072221,1009,191,1294,528
uav-004658-00022361,545,424,961,541
uav-004658-00022642,455,322,903,442
uav-004659-00025211,351,62,732,191
uav-004659-00025432,386,7,743,180
uav-004660-00032341,626,449,1318,649
uav-004660-00032582,603,354,1172,575
uav-004664-00038701,567,181,1431,445
uav-004666-00009452,789,114,1837,374
uav-004668-00029641,655,308,1140,465
uav-004671-00028942,595,509,1199,730
uav-004672-00001659,643,289,932,410
uav-004672-00001768,451,277,836,398
uav-004673-00001984,475,421,772,521
uav-004675-00016131,653,250,1294,555
uav-004675-00016242,942,266,1434,462
uav-004679-00001001,724,209,1125,397
uav-004680-00014201,824,188,1044,324
uav-004681-00021019,706,305,1470,889
uav-004681-00021452,427,145,1351,810
uav-004690-00008432,749,25,1077,341
uav-004690-00008563,879,400,1143,529
uav-004694-00007141,548,297,1329,641
uav-004694-00007322,618,237,1239,470
uav-004705-00013626,692,221,1073,429
uav-004705-00013856,614,328,1030,500
uav-004706-00016064,776,183,1312,588
uav-004707-00017712,881,314,1138,435
uav-004709-00024326,609,232,918,373
uav-004713-00017085,493,327,1165,728
uav-004714-00019484,491,522,1424,947
uav-004718-00017372,558,328,1343,700
uav-004722-00039201,525,166,1354,822
uav-004723-00041792,688,494,1104,702
uav-004725-00001596,314,17,1435,505
uav-004727-00003891,322,136,642,325
uav-004729-00010617,684,320,1204,480
uav-004730-00011107,523,248,1276,468
uav-004730-00011257,775,425,1428,630
uav-004736-00030042,762,247,1563,507
uav-004738-00037882,1002,98,1330,338
uav-004739-00013468,449,394,1158,718
uav-004740-00000721,726,98,1815,703
uav-004744-00000245,418,87,3531,1735
uav-004744-00000346,1103,241,3120,1581
uav-004745-00000879,966,512,2959,1601
uav-004746-00001589,1488,491,2952,1235
uav-004749-00002757,1051,403,2895,1300
uav-004749-00003257,821,585,2726,1454
uav-004756-00000210,450,868,3270,1613
uav-004756-00000232,1336,588,3324,889
uav-004757-00000401,1896,1325,2493,1553
uav-004757-00000428,1630,1304,2254,1593
uav-004757-00000485,697,507,2805,879
uav-004758-00000750,1170,611,3354,932
uav-004758-00000917,1381,622,2206,987
uav-004759-00001704,1279,591,1756,1044
uav-004759-00001982,1409,1263,1970,1691
uav-004759-00002121,1208,1440,2168,1969
uav-004761-00003505,1939,680,2399,876
uav-004761-00003596,1585,785,1886,1446
uav-004764-00001321,698,360,1402,700
uav-004764-00001381,773,275,1473,619
uav-004765-00002098,330,264,1678,825
uav-004765-00002159,325,252,1694,820
uav-004770-00003037,401,63,1029,436
uav-004773-00000662,204,90,908,351
uav-004775-00001182,687,230,1047,579
uav-004777-00000559,858,191,1254,387
uav-004778-00002528,912,225,1341,417
uav-004781-00000408,634,84,1003,412
uav-004782-00000381,216,138,780,503
uav-004782-00000492,354,115,994,547
uav-004783-00002232,237,95,805,504
uav-004784-00002818,437,101,885,422
uav-004789-00000584,399,269,1463,537
uav-004792-00000700,715,154,1128,438
uav-004794-00002087,1679,577,2095,1121
uav-004794-00002295,1776,799,2900,1379
uav-004801-00001998,604,25,1437,574
uav-004801-00002023,669,27,1426,508
uav-004802-00005035,759,364,1288,668
uav-004802-00005235,245,42,1254,342
uav-004802-00005435,356,157,1317,370
uav-004803-00003407,108,633,1232,950
uav-004805-00001720,812,171,1117,363
uav-004807-00000793,898,224,1135,545
uav-004810-00001572,541,314,1385,598
uav-004811-00001876,35,501,1055,926
uav-004811-00001926,825,464,1534,573
uav-004811-00001977,756,501,1252,638
uav-004811-00002027,685,496,1313,621
uav-004812-00002539,787,280,1191,832
uav-004812-00002627,338,510,1050,882
uav-004814-00002941,431,110,1476,902
uav-004814-00003117,686,216,1050,885
uav-004814-00003293,539,408,1404,593
uav-004814-00003469,804,102,1361,698
uav-004815-00004020,814,117,1371,369
uav-004815-00004160,690,339,1470,524
uav-004815-00004300,621,544,1461,685
uav-004816-00004844,837,373,1570,650
uav-004816-00004893,681,135,1562,340
uav-004818-00002868,734,375,1307,495
uav-004818-00002922,804,409,1236,482
uav-004819-00000766,233,472,1081,669
uav-004831-00001959,537,332,1158,653
uav-004833-00003168,195,15,1687,963
uav-004837-00001348,479,215,1256,831
uav-004838-00003866,506,182,1226,823
uav-004839-00000250,583,225,1376,789
uav-004839-00000500,478,62,1659,955
uav-004841-00003602,631,127,1264,811
uav-004843-00000300,593,157,1161,762
uav-004843-00000600,568,65,1121,682
uav-004846-00002712,350,69,1479,1026
uav-004849-00000570,462,325,1591,722
uav-004849-00000632,364,221,1553,670
uav-004857-00004295,216,328,1341,921
uav-004860-00002078,390,39,1519,824
uav-004861-00002748,635,436,1420,736
uav-004862-00001749,190,113,1051,646
uav-004874-00009952,462,239,802,380
uav-004880-00000401,544,212,1005,364
uav-004881-00001109,167,266,1799,603
uav-004881-00001126,463,196,1484,404
